condition,rep,signal,peak_median_ratio,peak_period,evalue_null_mean
signal,0,individual_temperature,14.66,7.8,0.9994
signal,0,individual_fish_count,16.00,500.0,0.9999
signal,0,individual_inter_event,14.53,13.6,1.0005
signal,0,individual_turbidity,13.22,2.1,0.9984
signal,0,individual_dissolved_oxygen,14.61,500.0,1.0021
signal,0,composed_evalue,52.17,500.0,0.9967
signal,0,standardized_sum,24.57,500.0,
signal,1,individual_temperature,17.00,2.9,0.9981
signal,1,individual_fish_count,17.15,2.1,1.0001
signal,1,individual_inter_event,10.98,500.0,1.0005
signal,1,individual_turbidity,16.61,500.0,0.9984
signal,1,individual_dissolved_oxygen,17.67,500.0,0.9968
signal,1,composed_evalue,53.95,500.0,0.9967
signal,1,standardized_sum,27.89,500.0,
signal,2,individual_temperature,12.22,5.3,1.0037
signal,2,individual_fish_count,11.14,2.1,0.9990
signal,2,individual_inter_event,11.77,3.2,0.9991
signal,2,individual_turbidity,11.64,56.2,0.9995
signal,2,individual_dissolved_oxygen,14.39,6.2,0.9984
signal,2,composed_evalue,23.36,500.0,0.9996
signal,2,standardized_sum,13.56,40.2,
signal,3,individual_temperature,12.57,2.7,0.9981
signal,3,individual_fish_count,10.72,2.3,0.9951
signal,3,individual_inter_event,14.02,3.2,0.9995
signal,3,individual_turbidity,13.06,500.0,0.9993
signal,3,individual_dissolved_oxygen,12.22,4.7,0.9978
signal,3,composed_evalue,19.64,2.5,0.9898
signal,3,standardized_sum,11.89,7.2,
signal,4,individual_temperature,11.65,2.4,0.9986
signal,4,individual_fish_count,20.00,4.3,0.9964
signal,4,individual_inter_event,12.75,3.4,0.9998
signal,4,individual_turbidity,14.62,11.4,0.9999
signal,4,individual_dissolved_oxygen,12.07,2.9,1.0004
signal,4,composed_evalue,36.55,500.0,0.9924
signal,4,standardized_sum,14.36,500.0,
signal,5,individual_temperature,12.79,3.0,1.0022
signal,5,individual_fish_count,12.42,3.0,1.0023
signal,5,individual_inter_event,10.54,26.0,1.0006
signal,5,individual_turbidity,13.84,500.0,1.0007
signal,5,individual_dissolved_oxygen,22.99,500.0,1.0003
signal,5,composed_evalue,49.24,500.0,1.0055
signal,5,standardized_sum,28.82,500.0,
signal,6,individual_temperature,12.32,2.9,1.0014
signal,6,individual_fish_count,14.64,500.0,0.9980
signal,6,individual_inter_event,12.04,62.1,1.0020
signal,6,individual_turbidity,14.32,2.0,1.0011
signal,6,individual_dissolved_oxygen,10.17,4.0,0.9987
signal,6,composed_evalue,30.73,500.0,1.0030
signal,6,standardized_sum,14.46,500.0,
signal,7,individual_temperature,10.99,2.3,1.0032
signal,7,individual_fish_count,15.75,2.5,1.0000
signal,7,individual_inter_event,26.09,500.0,0.9987
signal,7,individual_turbidity,13.48,5.7,0.9992
signal,7,individual_dissolved_oxygen,13.58,4.4,0.9963
signal,7,composed_evalue,41.66,500.0,0.9994
signal,7,standardized_sum,13.90,2.7,
signal,8,individual_temperature,16.23,8.6,0.9980
signal,8,individual_fish_count,12.64,4.0,0.9951
signal,8,individual_inter_event,14.17,6.9,1.0000
signal,8,individual_turbidity,9.93,14.3,0.9992
signal,8,individual_dissolved_oxygen,15.62,500.0,0.9983
signal,8,composed_evalue,47.83,500.0,0.9914
signal,8,standardized_sum,17.63,500.0,
signal,9,individual_temperature,11.64,500.0,1.0029
signal,9,individual_fish_count,11.69,9.3,1.0035
signal,9,individual_inter_event,13.34,500.0,1.0005
signal,9,individual_turbidity,11.14,27.0,0.9986
signal,9,individual_dissolved_oxygen,17.52,2.3,0.9981
signal,9,composed_evalue,35.61,500.0,1.0035
signal,9,standardized_sum,12.88,9.2,
signal,10,individual_temperature,19.24,500.0,1.0072
signal,10,individual_fish_count,14.07,3.5,0.9963
signal,10,individual_inter_event,25.89,500.0,1.0013
signal,10,individual_turbidity,11.98,4.2,1.0009
signal,10,individual_dissolved_oxygen,16.03,2.1,0.9983
signal,10,composed_evalue,43.85,500.0,1.0061
signal,10,standardized_sum,12.57,2.6,
signal,11,individual_temperature,14.97,3.9,0.9982
signal,11,individual_fish_count,21.05,500.0,0.9988
signal,11,individual_inter_event,15.65,12.0,0.9984
signal,11,individual_turbidity,12.14,4.2,0.9982
signal,11,individual_dissolved_oxygen,15.02,500.0,1.0019
signal,11,composed_evalue,62.38,500.0,0.9942
signal,11,standardized_sum,26.16,500.0,
signal,12,individual_temperature,12.99,3.2,0.9958
signal,12,individual_fish_count,14.32,14.1,1.0013
signal,12,individual_inter_event,17.14,500.0,0.9989
signal,12,individual_turbidity,14.06,2.0,1.0003
signal,12,individual_dissolved_oxygen,14.14,500.0,0.9982
signal,12,composed_evalue,40.39,500.0,0.9977
signal,12,standardized_sum,12.43,500.0,
signal,13,individual_temperature,13.82,2.0,0.9976
signal,13,individual_fish_count,14.03,3.7,0.9941
signal,13,individual_inter_event,13.31,2.3,1.0005
signal,13,individual_turbidity,17.74,10.5,1.0003
signal,13,individual_dissolved_oxygen,17.96,2.6,0.9993
signal,13,composed_evalue,40.21,500.0,0.9909
signal,13,standardized_sum,22.75,500.0,
signal,14,individual_temperature,11.54,3.6,0.9968
signal,14,individual_fish_count,13.20,3.2,0.9959
signal,14,individual_inter_event,16.60,500.0,0.9994
signal,14,individual_turbidity,12.88,3.9,0.9998
signal,14,individual_dissolved_oxygen,11.98,5.8,0.9990
signal,14,composed_evalue,32.49,500.0,0.9911
signal,14,standardized_sum,11.78,3.6,
signal,15,individual_temperature,14.65,500.0,1.0035
signal,15,individual_fish_count,11.93,14.5,1.0056
signal,15,individual_inter_event,19.60,500.0,0.9997
signal,15,individual_turbidity,15.62,3.0,0.9997
signal,15,individual_dissolved_oxygen,12.19,17.9,0.9972
signal,15,composed_evalue,40.53,500.0,1.0060
signal,15,standardized_sum,13.36,2.8,
signal,16,individual_temperature,14.51,3.2,0.9942
signal,16,individual_fish_count,14.50,45.0,1.0001
signal,16,individual_inter_event,15.51,3.6,0.9995
signal,16,individual_turbidity,13.47,2.2,0.9995
signal,16,individual_dissolved_oxygen,14.87,2.3,0.9992
signal,16,composed_evalue,23.65,500.0,0.9937
signal,16,standardized_sum,16.49,3.6,
signal,17,individual_temperature,13.83,3.1,0.9976
signal,17,individual_fish_count,13.18,500.0,1.0077
signal,17,individual_inter_event,13.03,500.0,1.0002
signal,17,individual_turbidity,12.84,2.2,0.9997
signal,17,individual_dissolved_oxygen,11.73,4.1,0.9968
signal,17,composed_evalue,31.13,500.0,1.0001
signal,17,standardized_sum,13.67,14.3,
signal,18,individual_temperature,11.29,2.3,0.9994
signal,18,individual_fish_count,12.79,2.9,0.9979
signal,18,individual_inter_event,15.65,2.9,0.9993
signal,18,individual_turbidity,15.11,500.0,1.0001
signal,18,individual_dissolved_oxygen,15.86,6.3,0.9992
signal,18,composed_evalue,22.74,500.0,0.9980
signal,18,standardized_sum,11.21,2.5,
signal,19,individual_temperature,13.85,3.9,1.0018
signal,19,individual_fish_count,13.68,500.0,1.0021
signal,19,individual_inter_event,12.12,2.6,1.0005
signal,19,individual_turbidity,13.08,2.6,0.9999
signal,19,individual_dissolved_oxygen,14.64,13.8,1.0030
signal,19,composed_evalue,43.58,500.0,1.0078
signal,19,standardized_sum,22.65,500.0,
signal,20,individual_temperature,19.64,500.0,1.0023
signal,20,individual_fish_count,18.66,500.0,1.0030
signal,20,individual_inter_event,9.65,2.3,0.9986
signal,20,individual_turbidity,14.97,3.8,1.0002
signal,20,individual_dissolved_oxygen,15.80,2.8,1.0003
signal,20,composed_evalue,51.44,500.0,1.0050
signal,20,standardized_sum,22.59,500.0,
signal,21,individual_temperature,16.67,2.2,0.9933
signal,21,individual_fish_count,13.98,13.8,0.9988
signal,21,individual_inter_event,18.94,500.0,0.9988
signal,21,individual_turbidity,13.52,2.6,1.0015
signal,21,individual_dissolved_oxygen,14.74,4.0,0.9999
signal,21,composed_evalue,39.37,500.0,0.9931
signal,21,standardized_sum,14.15,105.3,
signal,22,individual_temperature,15.42,29.5,1.0015
signal,22,individual_fish_count,12.25,15.3,0.9964
signal,22,individual_inter_event,13.25,3.4,0.9988
signal,22,individual_turbidity,12.24,16.9,1.0019
signal,22,individual_dissolved_oxygen,10.66,2.8,0.9993
signal,22,composed_evalue,36.03,500.0,0.9983
signal,22,standardized_sum,14.38,10.2,
signal,23,individual_temperature,10.94,3.5,1.0032
signal,23,individual_fish_count,18.31,500.0,1.0025
signal,23,individual_inter_event,17.62,500.0,1.0011
signal,23,individual_turbidity,17.53,500.0,1.0011
signal,23,individual_dissolved_oxygen,12.98,28.1,0.9985
signal,23,composed_evalue,38.35,500.0,1.0070
signal,23,standardized_sum,13.31,3.3,
signal,24,individual_temperature,10.61,2.8,1.0041
signal,24,individual_fish_count,14.72,500.0,0.9985
signal,24,individual_inter_event,12.19,14.8,0.9997
signal,24,individual_turbidity,16.01,500.0,0.9987
signal,24,individual_dissolved_oxygen,15.06,8.1,1.0016
signal,24,composed_evalue,32.53,500.0,1.0029
signal,24,standardized_sum,20.39,500.0,
signal,25,individual_temperature,15.65,2.9,1.0006
signal,25,individual_fish_count,19.26,500.0,1.0017
signal,25,individual_inter_event,12.51,2.3,0.9994
signal,25,individual_turbidity,11.67,3.1,0.9995
signal,25,individual_dissolved_oxygen,11.93,7.2,1.0023
signal,25,composed_evalue,30.51,500.0,1.0004
signal,25,standardized_sum,17.80,104.2,
signal,26,individual_temperature,15.90,4.0,1.0033
signal,26,individual_fish_count,13.94,3.2,0.9983
signal,26,individual_inter_event,14.29,54.9,1.0006
signal,26,individual_turbidity,12.68,2.6,1.0004
signal,26,individual_dissolved_oxygen,13.72,13.3,1.0005
signal,26,composed_evalue,26.53,500.0,1.0042
signal,26,standardized_sum,12.48,2.2,
signal,27,individual_temperature,13.19,500.0,0.9994
signal,27,individual_fish_count,24.80,500.0,0.9999
signal,27,individual_inter_event,12.57,2.4,0.9997
signal,27,individual_turbidity,14.68,4.4,1.0023
signal,27,individual_dissolved_oxygen,11.65,12.3,0.9985
signal,27,composed_evalue,55.86,500.0,0.9976
signal,27,standardized_sum,35.15,500.0,
signal,28,individual_temperature,11.70,3.4,0.9936
signal,28,individual_fish_count,21.54,500.0,0.9952
signal,28,individual_inter_event,14.40,8.6,1.0014
signal,28,individual_turbidity,14.79,8.6,0.9994
signal,28,individual_dissolved_oxygen,11.60,13.8,1.0025
signal,28,composed_evalue,45.17,500.0,0.9922
signal,28,standardized_sum,20.18,500.0,
signal,29,individual_temperature,14.96,3.6,0.9991
signal,29,individual_fish_count,13.12,2.9,1.0013
signal,29,individual_inter_event,20.16,500.0,0.9999
signal,29,individual_turbidity,11.81,2.1,1.0000
signal,29,individual_dissolved_oxygen,13.31,30.3,0.9990
signal,29,composed_evalue,40.75,500.0,1.0015
signal,29,standardized_sum,13.36,500.0,
signal,30,individual_temperature,13.06,500.0,1.0075
signal,30,individual_fish_count,13.31,500.0,1.0042
signal,30,individual_inter_event,11.77,2.6,0.9998
signal,30,individual_turbidity,12.98,8.6,1.0005
signal,30,individual_dissolved_oxygen,19.13,500.0,0.9980
signal,30,composed_evalue,51.94,500.0,1.0119
signal,30,standardized_sum,32.06,500.0,
signal,31,individual_temperature,14.68,3.6,1.0017
signal,31,individual_fish_count,15.19,3.0,1.0009
signal,31,individual_inter_event,12.35,5.7,1.0004
signal,31,individual_turbidity,14.65,3.8,1.0005
signal,31,individual_dissolved_oxygen,11.80,20.3,1.0014
signal,31,composed_evalue,23.68,500.0,1.0071
signal,31,standardized_sum,12.46,2.5,
signal,32,individual_temperature,18.68,500.0,0.9935
signal,32,individual_fish_count,12.01,4.9,0.9941
signal,32,individual_inter_event,12.63,13.6,1.0011
signal,32,individual_turbidity,11.58,500.0,0.9998
signal,32,individual_dissolved_oxygen,13.14,29.5,0.9994
signal,32,composed_evalue,36.03,500.0,0.9870
signal,32,standardized_sum,20.57,500.0,
signal,33,individual_temperature,14.16,2.2,1.0018
signal,33,individual_fish_count,15.57,500.0,1.0005
signal,33,individual_inter_event,15.84,3.0,1.0003
signal,33,individual_turbidity,12.68,3.5,1.0003
signal,33,individual_dissolved_oxygen,14.68,500.0,0.9975
signal,33,composed_evalue,47.33,500.0,1.0005
signal,33,standardized_sum,19.10,500.0,
signal,34,individual_temperature,17.63,500.0,1.0040
signal,34,individual_fish_count,11.49,5.0,0.9992
signal,34,individual_inter_event,11.69,3.7,0.9999
signal,34,individual_turbidity,13.24,2.9,1.0003
signal,34,individual_dissolved_oxygen,13.89,2.3,0.9998
signal,34,composed_evalue,31.98,500.0,1.0038
signal,34,standardized_sum,13.21,500.0,
signal,35,individual_temperature,13.03,7.2,1.0014
signal,35,individual_fish_count,15.95,500.0,0.9999
signal,35,individual_inter_event,13.08,500.0,1.0008
signal,35,individual_turbidity,11.62,2.6,0.9985
signal,35,individual_dissolved_oxygen,11.07,2.5,1.0010
signal,35,composed_evalue,45.98,500.0,1.0045
signal,35,standardized_sum,14.44,500.0,
signal,36,individual_temperature,20.00,500.0,0.9991
signal,36,individual_fish_count,18.97,17.4,0.9993
signal,36,individual_inter_event,13.04,500.0,0.9993
signal,36,individual_turbidity,14.48,3.6,1.0000
signal,36,individual_dissolved_oxygen,13.98,29.4,1.0013
signal,36,composed_evalue,48.48,500.0,0.9970
signal,36,standardized_sum,17.25,500.0,
signal,37,individual_temperature,14.11,2.5,0.9990
signal,37,individual_fish_count,12.46,500.0,0.9969
signal,37,individual_inter_event,11.69,18.2,1.0001
signal,37,individual_turbidity,13.20,6.3,0.9999
signal,37,individual_dissolved_oxygen,11.09,9.4,1.0016
signal,37,composed_evalue,29.79,500.0,0.9980
signal,37,standardized_sum,12.08,10.2,
signal,38,individual_temperature,11.83,232.6,1.0007
signal,38,individual_fish_count,12.94,2.3,1.0006
signal,38,individual_inter_event,19.51,2.9,0.9999
signal,38,individual_turbidity,13.42,53.5,1.0001
signal,38,individual_dissolved_oxygen,12.70,2.3,1.0051
signal,38,composed_evalue,28.53,500.0,1.0080
signal,38,standardized_sum,15.84,500.0,
signal,39,individual_temperature,26.71,500.0,0.9982
signal,39,individual_fish_count,14.68,3.7,0.9977
signal,39,individual_inter_event,12.85,9.8,0.9996
signal,39,individual_turbidity,15.83,2.1,0.9997
signal,39,individual_dissolved_oxygen,12.93,500.0,1.0023
signal,39,composed_evalue,53.62,500.0,1.0019
signal,39,standardized_sum,18.04,500.0,
signal,40,individual_temperature,13.17,3.3,0.9984
signal,40,individual_fish_count,14.00,2.1,1.0033
signal,40,individual_inter_event,11.13,2.2,1.0019
signal,40,individual_turbidity,13.16,2.1,1.0012
signal,40,individual_dissolved_oxygen,24.73,500.0,0.9974
signal,40,composed_evalue,53.85,500.0,1.0008
signal,40,standardized_sum,27.55,500.0,
signal,41,individual_temperature,15.73,10.4,0.9982
signal,41,individual_fish_count,19.24,87.0,1.0019
signal,41,individual_inter_event,12.89,2.5,1.0005
signal,41,individual_turbidity,10.95,4.0,1.0020
signal,41,individual_dissolved_oxygen,13.06,12.2,0.9986
signal,41,composed_evalue,37.90,500.0,1.0028
signal,41,standardized_sum,13.29,500.0,
signal,42,individual_temperature,14.97,500.0,0.9966
signal,42,individual_fish_count,21.32,8.3,0.9996
signal,42,individual_inter_event,11.63,500.0,0.9993
signal,42,individual_turbidity,13.34,5.3,1.0004
signal,42,individual_dissolved_oxygen,16.03,3.2,0.9980
signal,42,composed_evalue,40.40,500.0,0.9960
signal,42,standardized_sum,14.99,500.0,
signal,43,individual_temperature,12.12,8.0,0.9941
signal,43,individual_fish_count,14.57,3.5,1.0021
signal,43,individual_inter_event,17.68,500.0,1.0021
signal,43,individual_turbidity,13.48,500.0,0.9996
signal,43,individual_dissolved_oxygen,20.67,500.0,0.9967
signal,43,composed_evalue,45.85,500.0,0.9958
signal,43,standardized_sum,16.55,500.0,
signal,44,individual_temperature,11.68,2.7,0.9983
signal,44,individual_fish_count,13.06,14.6,1.0062
signal,44,individual_inter_event,20.42,500.0,1.0004
signal,44,individual_turbidity,12.02,2.9,1.0010
signal,44,individual_dissolved_oxygen,12.64,5.0,0.9969
signal,44,composed_evalue,30.61,500.0,1.0040
signal,44,standardized_sum,13.52,30.2,
signal,45,individual_temperature,11.53,2.6,0.9979
signal,45,individual_fish_count,15.42,4.4,1.0033
signal,45,individual_inter_event,15.74,11.1,0.9996
signal,45,individual_turbidity,12.69,6.4,1.0000
signal,45,individual_dissolved_oxygen,13.44,3.8,1.0012
signal,45,composed_evalue,44.89,500.0,1.0021
signal,45,standardized_sum,20.48,500.0,
signal,46,individual_temperature,12.52,3.1,1.0019
signal,46,individual_fish_count,13.87,3.6,1.0004
signal,46,individual_inter_event,19.67,500.0,0.9999
signal,46,individual_turbidity,14.29,500.0,0.9990
signal,46,individual_dissolved_oxygen,13.92,4.9,1.0020
signal,46,composed_evalue,47.99,500.0,1.0042
signal,46,standardized_sum,16.95,500.0,
signal,47,individual_temperature,13.10,500.0,0.9984
signal,47,individual_fish_count,14.80,4.2,0.9966
signal,47,individual_inter_event,14.10,500.0,0.9991
signal,47,individual_turbidity,15.07,500.0,1.0005
signal,47,individual_dissolved_oxygen,14.13,500.0,1.0023
signal,47,composed_evalue,45.74,500.0,0.9973
signal,47,standardized_sum,18.53,500.0,
signal,48,individual_temperature,15.23,500.0,0.9972
signal,48,individual_fish_count,13.06,2.1,1.0014
signal,48,individual_inter_event,13.04,2.3,0.9992
signal,48,individual_turbidity,12.66,8.3,1.0020
signal,48,individual_dissolved_oxygen,14.39,3.6,1.0000
signal,48,composed_evalue,43.50,500.0,1.0030
signal,48,standardized_sum,24.45,500.0,
signal,49,individual_temperature,12.67,7.6,0.9998
signal,49,individual_fish_count,14.42,500.0,0.9956
signal,49,individual_inter_event,11.69,2000.0,1.0001
signal,49,individual_turbidity,13.20,2.4,1.0009
signal,49,individual_dissolved_oxygen,16.51,4.4,0.9995
signal,49,composed_evalue,41.52,500.0,0.9960
signal,49,standardized_sum,19.44,500.0,
signal,50,individual_temperature,16.21,3.2,1.0022
signal,50,individual_fish_count,13.15,500.0,0.9955
signal,50,individual_inter_event,12.88,500.0,0.9982
signal,50,individual_turbidity,15.48,3.2,1.0002
signal,50,individual_dissolved_oxygen,14.79,4.8,1.0001
signal,50,composed_evalue,38.17,500.0,0.9978
signal,50,standardized_sum,15.63,36.6,
signal,51,individual_temperature,11.34,3.3,1.0046
signal,51,individual_fish_count,11.97,14.7,1.0002
signal,51,individual_inter_event,11.46,2.4,1.0011
signal,51,individual_turbidity,13.82,5.0,1.0010
signal,51,individual_dissolved_oxygen,13.07,3.8,1.0000
signal,51,composed_evalue,29.03,500.0,1.0077
signal,51,standardized_sum,12.27,500.0,
signal,52,individual_temperature,12.47,8.3,1.0010
signal,52,individual_fish_count,13.50,43.1,0.9984
signal,52,individual_inter_event,11.17,2.7,0.9997
signal,52,individual_turbidity,19.93,500.0,1.0006
signal,52,individual_dissolved_oxygen,15.35,2.6,1.0029
signal,52,composed_evalue,37.36,500.0,1.0049
signal,52,standardized_sum,17.23,500.0,
signal,53,individual_temperature,12.43,2.8,1.0055
signal,53,individual_fish_count,13.31,5.8,1.0037
signal,53,individual_inter_event,19.31,500.0,1.0001
signal,53,individual_turbidity,10.86,3.6,0.9998
signal,53,individual_dissolved_oxygen,12.40,5.9,0.9994
signal,53,composed_evalue,36.28,500.0,1.0096
signal,53,standardized_sum,11.63,2.8,
signal,54,individual_temperature,15.02,2.0,1.0065
signal,54,individual_fish_count,14.10,56.5,0.9998
signal,54,individual_inter_event,11.50,5.6,1.0001
signal,54,individual_turbidity,13.92,4.0,0.9998
signal,54,individual_dissolved_oxygen,13.67,8.1,0.9997
signal,54,composed_evalue,37.94,500.0,1.0058
signal,54,standardized_sum,18.25,500.0,
signal,55,individual_temperature,13.34,3.6,1.0023
signal,55,individual_fish_count,12.27,8.3,1.0019
signal,55,individual_inter_event,22.44,500.0,1.0000
signal,55,individual_turbidity,12.75,2.8,0.9990
signal,55,individual_dissolved_oxygen,10.64,3.3,0.9983
signal,55,composed_evalue,30.82,500.0,0.9973
signal,55,standardized_sum,12.58,2.1,
signal,56,individual_temperature,19.09,500.0,0.9985
signal,56,individual_fish_count,16.67,500.0,0.9970
signal,56,individual_inter_event,12.03,500.0,0.9995
signal,56,individual_turbidity,12.81,6.3,0.9999
signal,56,individual_dissolved_oxygen,20.17,500.0,1.0014
signal,56,composed_evalue,67.36,500.0,0.9970
signal,56,standardized_sum,29.70,500.0,
signal,57,individual_temperature,16.74,500.0,0.9930
signal,57,individual_fish_count,14.98,19.7,1.0038
signal,57,individual_inter_event,12.87,161.3,0.9996
signal,57,individual_turbidity,13.06,28.8,1.0008
signal,57,individual_dissolved_oxygen,12.37,5.6,1.0007
signal,57,composed_evalue,39.30,500.0,0.9944
signal,57,standardized_sum,12.84,7.0,
signal,58,individual_temperature,16.41,500.0,0.9962
signal,58,individual_fish_count,15.61,11.8,0.9972
signal,58,individual_inter_event,12.06,500.0,0.9994
signal,58,individual_turbidity,20.89,500.0,0.9990
signal,58,individual_dissolved_oxygen,13.13,7.0,1.0027
signal,58,composed_evalue,45.08,500.0,0.9977
signal,58,standardized_sum,21.19,500.0,
signal,59,individual_temperature,12.30,51.8,0.9999
signal,59,individual_fish_count,14.40,2.1,0.9990
signal,59,individual_inter_event,12.88,3.8,1.0011
signal,59,individual_turbidity,18.35,500.0,1.0001
signal,59,individual_dissolved_oxygen,12.97,500.0,0.9990
signal,59,composed_evalue,33.59,500.0,1.0004
signal,59,standardized_sum,28.11,500.0,
signal,60,individual_temperature,12.16,2.7,1.0034
signal,60,individual_fish_count,13.23,10.2,0.9989
signal,60,individual_inter_event,20.30,500.0,1.0007
signal,60,individual_turbidity,12.82,4.9,1.0008
signal,60,individual_dissolved_oxygen,20.13,500.0,1.0026
signal,60,composed_evalue,46.08,500.0,1.0060
signal,60,standardized_sum,16.84,500.0,
signal,61,individual_temperature,13.38,7.6,1.0003
signal,61,individual_fish_count,11.70,3.5,1.0002
signal,61,individual_inter_event,14.92,33.8,1.0012
signal,61,individual_turbidity,18.35,500.0,1.0020
signal,61,individual_dissolved_oxygen,14.29,5.3,1.0018
signal,61,composed_evalue,30.62,500.0,1.0071
signal,61,standardized_sum,20.48,500.0,
signal,62,individual_temperature,16.82,2.3,0.9990
signal,62,individual_fish_count,11.10,6.9,1.0027
signal,62,individual_inter_event,11.53,3.1,0.9983
signal,62,individual_turbidity,12.85,32.1,0.9983
signal,62,individual_dissolved_oxygen,14.21,2.2,1.0010
signal,62,composed_evalue,28.01,500.0,0.9986
signal,62,standardized_sum,13.21,3.7,
signal,63,individual_temperature,15.00,2.1,0.9988
signal,63,individual_fish_count,11.78,12.0,1.0007
signal,63,individual_inter_event,11.87,3.9,1.0003
signal,63,individual_turbidity,10.86,6.6,1.0009
signal,63,individual_dissolved_oxygen,12.32,2.4,0.9980
signal,63,composed_evalue,25.70,500.0,1.0004
signal,63,standardized_sum,12.63,2.0,
signal,64,individual_temperature,12.39,6.1,0.9977
signal,64,individual_fish_count,13.74,3.0,0.9986
signal,64,individual_inter_event,17.38,3.0,1.0002
signal,64,individual_turbidity,18.75,500.0,1.0005
signal,64,individual_dissolved_oxygen,12.50,8.9,1.0010
signal,64,composed_evalue,37.43,500.0,0.9989
signal,64,standardized_sum,16.25,500.0,
signal,65,individual_temperature,11.16,3.4,1.0011
signal,65,individual_fish_count,12.99,500.0,1.0027
signal,65,individual_inter_event,15.76,2.6,1.0004
signal,65,individual_turbidity,13.45,6.2,1.0016
signal,65,individual_dissolved_oxygen,12.38,17.5,0.9963
signal,65,composed_evalue,37.29,500.0,0.9998
signal,65,standardized_sum,15.86,500.0,
signal,66,individual_temperature,9.78,263.2,0.9962
signal,66,individual_fish_count,13.46,2.2,1.0058
signal,66,individual_inter_event,11.59,9.3,1.0009
signal,66,individual_turbidity,16.44,500.0,1.0004
signal,66,individual_dissolved_oxygen,16.68,2.3,1.0009
signal,66,composed_evalue,30.81,500.0,1.0060
signal,66,standardized_sum,13.17,500.0,
signal,67,individual_temperature,12.09,16.8,1.0055
signal,67,individual_fish_count,12.96,7.3,0.9997
signal,67,individual_inter_event,13.61,6.2,0.9995
signal,67,individual_turbidity,15.91,3.8,1.0012
signal,67,individual_dissolved_oxygen,16.19,2.6,1.0013
signal,67,composed_evalue,26.88,500.0,1.0062
signal,67,standardized_sum,12.15,2.2,
signal,68,individual_temperature,12.25,5.2,1.0084
signal,68,individual_fish_count,12.79,2.0,1.0003
signal,68,individual_inter_event,11.72,7.5,1.0007
signal,68,individual_turbidity,12.47,14.4,0.9994
signal,68,individual_dissolved_oxygen,21.71,500.0,0.9971
signal,68,composed_evalue,41.43,500.0,1.0110
signal,68,standardized_sum,18.44,500.0,
signal,69,individual_temperature,14.30,18.7,0.9989
signal,69,individual_fish_count,11.86,2.7,1.0010
signal,69,individual_inter_event,16.74,500.0,1.0008
signal,69,individual_turbidity,11.79,3.1,0.9998
signal,69,individual_dissolved_oxygen,13.21,4.4,1.0011
signal,69,composed_evalue,32.38,500.0,1.0052
signal,69,standardized_sum,16.06,2.8,
signal,70,individual_temperature,15.78,5.8,1.0081
signal,70,individual_fish_count,19.51,2.1,1.0031
signal,70,individual_inter_event,13.74,500.0,0.9994
signal,70,individual_turbidity,13.99,500.0,1.0002
signal,70,individual_dissolved_oxygen,13.57,8.5,0.9993
signal,70,composed_evalue,52.87,500.0,1.0093
signal,70,standardized_sum,19.72,500.0,
signal,71,individual_temperature,12.85,2.3,1.0031
signal,71,individual_fish_count,12.07,13.2,0.9985
signal,71,individual_inter_event,15.57,7.5,0.9994
signal,71,individual_turbidity,14.82,2.2,1.0011
signal,71,individual_dissolved_oxygen,19.83,500.0,0.9985
signal,71,composed_evalue,45.82,500.0,1.0013
signal,71,standardized_sum,15.57,500.0,
signal,72,individual_temperature,11.14,3.7,0.9999
signal,72,individual_fish_count,13.39,5.4,0.9975
signal,72,individual_inter_event,23.70,500.0,0.9994
signal,72,individual_turbidity,11.77,39.5,1.0002
signal,72,individual_dissolved_oxygen,11.09,5.8,0.9975
signal,72,composed_evalue,37.50,500.0,0.9940
signal,72,standardized_sum,14.16,6.4,
signal,73,individual_temperature,17.97,500.0,0.9994
signal,73,individual_fish_count,12.37,3.4,0.9996
signal,73,individual_inter_event,13.20,5.4,1.0005
signal,73,individual_turbidity,17.03,500.0,0.9999
signal,73,individual_dissolved_oxygen,25.88,500.0,1.0034
signal,73,composed_evalue,58.32,500.0,1.0018
signal,73,standardized_sum,26.90,500.0,
signal,74,individual_temperature,17.33,500.0,1.0037
signal,74,individual_fish_count,15.70,17.7,0.9974
signal,74,individual_inter_event,13.12,6.8,1.0004
signal,74,individual_turbidity,14.26,4.6,0.9998
signal,74,individual_dissolved_oxygen,19.12,113.6,1.0030
signal,74,composed_evalue,27.20,500.0,1.0028
signal,74,standardized_sum,18.87,500.0,
signal,75,individual_temperature,11.32,500.0,0.9984
signal,75,individual_fish_count,13.67,2.7,1.0015
signal,75,individual_inter_event,20.26,500.0,1.0006
signal,75,individual_turbidity,11.78,500.0,1.0002
signal,75,individual_dissolved_oxygen,30.81,500.0,1.0002
signal,75,composed_evalue,49.54,500.0,1.0038
signal,75,standardized_sum,15.11,500.0,
signal,76,individual_temperature,15.81,500.0,0.9965
signal,76,individual_fish_count,13.48,7.6,0.9981
signal,76,individual_inter_event,13.30,8.0,0.9997
signal,76,individual_turbidity,12.01,23.3,1.0014
signal,76,individual_dissolved_oxygen,11.60,2.4,0.9998
signal,76,composed_evalue,30.49,500.0,0.9961
signal,76,standardized_sum,20.84,500.0,
signal,77,individual_temperature,10.01,7.3,0.9978
signal,77,individual_fish_count,15.60,500.0,1.0005
signal,77,individual_inter_event,13.29,500.0,1.0014
signal,77,individual_turbidity,11.95,3.3,1.0015
signal,77,individual_dissolved_oxygen,14.27,2.4,0.9993
signal,77,composed_evalue,48.78,500.0,1.0027
signal,77,standardized_sum,19.04,108.7,
signal,78,individual_temperature,11.85,2.4,1.0032
signal,78,individual_fish_count,10.93,2.1,1.0006
signal,78,individual_inter_event,12.89,500.0,1.0015
signal,78,individual_turbidity,14.50,3.7,1.0012
signal,78,individual_dissolved_oxygen,11.48,2.4,1.0008
signal,78,composed_evalue,36.26,500.0,1.0077
signal,78,standardized_sum,13.26,3.0,
signal,79,individual_temperature,11.78,2.1,1.0025
signal,79,individual_fish_count,14.92,500.0,1.0016
signal,79,individual_inter_event,15.34,12.2,1.0017
signal,79,individual_turbidity,13.49,500.0,0.9983
signal,79,individual_dissolved_oxygen,12.48,3.6,1.0016
signal,79,composed_evalue,36.23,500.0,1.0087
signal,79,standardized_sum,16.03,500.0,
signal,80,individual_temperature,11.40,2.5,0.9951
signal,80,individual_fish_count,11.52,2.4,0.9981
signal,80,individual_inter_event,14.40,2.6,0.9996
signal,80,individual_turbidity,15.92,7.0,0.9998
signal,80,individual_dissolved_oxygen,14.95,3.7,1.0003
signal,80,composed_evalue,35.08,500.0,0.9931
signal,80,standardized_sum,17.09,500.0,
signal,81,individual_temperature,12.04,3.7,0.9984
signal,81,individual_fish_count,15.64,500.0,1.0001
signal,81,individual_inter_event,11.92,3.8,0.9997
signal,81,individual_turbidity,15.18,500.0,1.0010
signal,81,individual_dissolved_oxygen,27.69,500.0,0.9987
signal,81,composed_evalue,52.05,500.0,0.9999
signal,81,standardized_sum,31.86,500.0,
signal,82,individual_temperature,12.42,2.1,1.0020
signal,82,individual_fish_count,20.44,500.0,0.9971
signal,82,individual_inter_event,12.53,24.2,0.9993
signal,82,individual_turbidity,14.98,2.8,0.9998
signal,82,individual_dissolved_oxygen,10.94,50.5,0.9991
signal,82,composed_evalue,41.28,500.0,0.9977
signal,82,standardized_sum,15.30,500.0,
signal,83,individual_temperature,11.09,2.0,1.0017
signal,83,individual_fish_count,10.29,8.0,0.9974
signal,83,individual_inter_event,11.33,5.9,1.0003
signal,83,individual_turbidity,12.99,54.3,1.0008
signal,83,individual_dissolved_oxygen,16.67,500.0,1.0048
signal,83,composed_evalue,28.84,500.0,1.0062
signal,83,standardized_sum,16.89,500.0,
signal,84,individual_temperature,15.83,500.0,0.9989
signal,84,individual_fish_count,14.57,3.6,0.9968
signal,84,individual_inter_event,11.59,3.2,1.0011
signal,84,individual_turbidity,16.29,500.0,1.0002
signal,84,individual_dissolved_oxygen,12.84,106.4,1.0029
signal,84,composed_evalue,46.55,500.0,0.9991
signal,84,standardized_sum,26.70,500.0,
signal,85,individual_temperature,11.78,2.2,0.9994
signal,85,individual_fish_count,9.78,4.0,1.0068
signal,85,individual_inter_event,14.79,500.0,0.9994
signal,85,individual_turbidity,12.94,2.7,0.9987
signal,85,individual_dissolved_oxygen,26.12,500.0,1.0022
signal,85,composed_evalue,48.14,500.0,1.0078
signal,85,standardized_sum,17.89,500.0,
signal,86,individual_temperature,12.34,500.0,0.9977
signal,86,individual_fish_count,10.37,2.5,0.9988
signal,86,individual_inter_event,16.97,135.1,0.9995
signal,86,individual_turbidity,16.09,6.7,1.0000
signal,86,individual_dissolved_oxygen,16.38,2.7,0.9999
signal,86,composed_evalue,24.01,500.0,0.9965
signal,86,standardized_sum,13.34,500.0,
signal,87,individual_temperature,12.19,23.3,0.9995
signal,87,individual_fish_count,14.04,2.7,1.0002
signal,87,individual_inter_event,13.37,4.1,0.9994
signal,87,individual_turbidity,19.25,32.5,1.0026
signal,87,individual_dissolved_oxygen,13.64,2.4,0.9998
signal,87,composed_evalue,31.75,500.0,1.0007
signal,87,standardized_sum,19.70,500.0,
signal,88,individual_temperature,11.85,15.5,1.0020
signal,88,individual_fish_count,15.33,2.9,1.0055
signal,88,individual_inter_event,19.73,5.6,1.0009
signal,88,individual_turbidity,11.98,3.0,1.0007
signal,88,individual_dissolved_oxygen,12.63,3.4,1.0025
signal,88,composed_evalue,25.43,500.0,1.0133
signal,88,standardized_sum,12.67,41.0,
signal,89,individual_temperature,12.99,2.2,1.0009
signal,89,individual_fish_count,11.14,3.4,1.0046
signal,89,individual_inter_event,17.27,2.2,0.9991
signal,89,individual_turbidity,16.14,500.0,1.0009
signal,89,individual_dissolved_oxygen,15.04,2.0,0.9962
signal,89,composed_evalue,36.88,500.0,1.0037
signal,89,standardized_sum,12.32,500.0,
signal,90,individual_temperature,10.61,25.4,1.0037
signal,90,individual_fish_count,13.88,500.0,0.9965
signal,90,individual_inter_event,15.30,15.6,0.9992
signal,90,individual_turbidity,14.39,2.8,1.0010
signal,90,individual_dissolved_oxygen,11.63,14.9,1.0020
signal,90,composed_evalue,37.13,500.0,1.0059
signal,90,standardized_sum,19.03,500.0,
signal,91,individual_temperature,17.98,500.0,0.9946
signal,91,individual_fish_count,18.89,500.0,0.9960
signal,91,individual_inter_event,12.48,24.2,0.9989
signal,91,individual_turbidity,14.33,14.1,0.9990
signal,91,individual_dissolved_oxygen,12.97,500.0,1.0033
signal,91,composed_evalue,53.90,500.0,0.9918
signal,91,standardized_sum,23.32,500.0,
signal,92,individual_temperature,12.57,2.8,1.0023
signal,92,individual_fish_count,13.16,500.0,1.0068
signal,92,individual_inter_event,22.66,3.8,0.9988
signal,92,individual_turbidity,11.85,3.3,0.9987
signal,92,individual_dissolved_oxygen,12.08,6.6,0.9980
signal,92,composed_evalue,37.68,500.0,1.0071
signal,92,standardized_sum,18.63,500.0,
signal,93,individual_temperature,12.06,4.9,0.9976
signal,93,individual_fish_count,11.87,2.3,1.0115
signal,93,individual_inter_event,17.69,9.0,1.0011
signal,93,individual_turbidity,12.05,3.4,1.0001
signal,93,individual_dissolved_oxygen,9.38,3.1,1.0023
signal,93,composed_evalue,16.64,500.0,1.0097
signal,93,standardized_sum,12.54,6.1,
signal,94,individual_temperature,11.57,72.5,0.9952
signal,94,individual_fish_count,15.09,500.0,1.0027
signal,94,individual_inter_event,14.28,2.5,1.0016
signal,94,individual_turbidity,16.25,500.0,1.0013
signal,94,individual_dissolved_oxygen,12.55,3.3,0.9995
signal,94,composed_evalue,43.42,500.0,1.0027
signal,94,standardized_sum,23.10,500.0,
signal,95,individual_temperature,11.57,3.2,1.0033
signal,95,individual_fish_count,14.98,3.8,1.0004
signal,95,individual_inter_event,12.60,20.7,1.0004
signal,95,individual_turbidity,17.77,500.0,1.0007
signal,95,individual_dissolved_oxygen,13.98,3.1,0.9981
signal,95,composed_evalue,35.44,500.0,1.0033
signal,95,standardized_sum,15.21,500.0,
signal,96,individual_temperature,13.88,4.7,1.0024
signal,96,individual_fish_count,17.47,500.0,1.0010
signal,96,individual_inter_event,13.53,3.7,0.9996
signal,96,individual_turbidity,16.23,2.1,1.0011
signal,96,individual_dissolved_oxygen,14.35,2.0,0.9983
signal,96,composed_evalue,47.99,500.0,1.0017
signal,96,standardized_sum,25.08,500.0,
signal,97,individual_temperature,11.02,4.2,0.9979
signal,97,individual_fish_count,11.50,32.8,1.0022
signal,97,individual_inter_event,18.23,500.0,1.0012
signal,97,individual_turbidity,13.86,8.9,0.9991
signal,97,individual_dissolved_oxygen,12.61,5.5,0.9991
signal,97,composed_evalue,30.07,500.0,0.9979
signal,97,standardized_sum,10.85,3.7,
signal,98,individual_temperature,14.76,6.7,0.9995
signal,98,individual_fish_count,13.18,5.3,0.9973
signal,98,individual_inter_event,12.62,23.1,1.0002
signal,98,individual_turbidity,18.99,500.0,0.9994
signal,98,individual_dissolved_oxygen,11.60,2.1,0.9976
signal,98,composed_evalue,29.76,500.0,0.9960
signal,98,standardized_sum,15.99,500.0,
signal,99,individual_temperature,11.28,3.6,1.0024
signal,99,individual_fish_count,14.09,2.5,0.9956
signal,99,individual_inter_event,17.42,500.0,1.0000
signal,99,individual_turbidity,16.51,500.0,1.0002
signal,99,individual_dissolved_oxygen,12.28,2.5,0.9951
signal,99,composed_evalue,34.49,500.0,0.9938
signal,99,standardized_sum,17.87,3.5,
null,0,individual_temperature,14.67,7.8,0.9993
null,0,individual_fish_count,10.76,7.8,1.0056
null,0,individual_inter_event,14.77,2.5,1.0008
null,0,individual_turbidity,11.58,6.9,1.0009
null,0,individual_dissolved_oxygen,15.69,2.2,1.0020
null,0,composed_evalue,12.17,2.0,1.0084
null,0,standardized_sum,15.06,2.5,
null,1,individual_temperature,17.01,2.9,0.9980
null,1,individual_fish_count,15.23,6.7,0.9980
null,1,individual_inter_event,15.02,2.9,0.9988
null,1,individual_turbidity,13.92,3.0,1.0000
null,1,individual_dissolved_oxygen,11.08,2.3,1.0023
null,1,composed_evalue,12.40,2.0,0.9973
null,1,standardized_sum,17.02,2.3,
null,2,individual_temperature,12.22,5.3,1.0037
null,2,individual_fish_count,12.37,3.7,0.9928
null,2,individual_inter_event,10.89,2.7,0.9991
null,2,individual_turbidity,14.70,6.5,1.0008
null,2,individual_dissolved_oxygen,10.94,6.9,0.9986
null,2,composed_evalue,11.75,5.3,0.9943
null,2,standardized_sum,12.17,6.1,
null,3,individual_temperature,12.57,2.7,0.9981
null,3,individual_fish_count,11.59,166.7,0.9998
null,3,individual_inter_event,12.60,14.9,0.9991
null,3,individual_turbidity,13.39,12.8,1.0008
null,3,individual_dissolved_oxygen,12.22,7.1,1.0012
null,3,composed_evalue,14.32,4.8,0.9968
null,3,standardized_sum,12.10,2.9,
null,4,individual_temperature,11.66,2.4,0.9985
null,4,individual_fish_count,12.44,17.4,0.9984
null,4,individual_inter_event,17.24,11.2,1.0016
null,4,individual_turbidity,13.49,3.5,0.9993
null,4,individual_dissolved_oxygen,11.62,2.8,0.9967
null,4,composed_evalue,11.35,4.1,0.9935
null,4,standardized_sum,13.63,10.9,
null,5,individual_temperature,12.79,3.0,1.0021
null,5,individual_fish_count,15.45,3.1,0.9972
null,5,individual_inter_event,11.95,47.8,0.9983
null,5,individual_turbidity,10.40,2.8,0.9992
null,5,individual_dissolved_oxygen,12.05,33.4,0.9994
null,5,composed_evalue,15.64,2.5,0.9960
null,5,standardized_sum,15.72,2.2,
null,6,individual_temperature,12.32,2.9,1.0014
null,6,individual_fish_count,11.22,8.4,0.9938
null,6,individual_inter_event,17.21,2.1,1.0000
null,6,individual_turbidity,12.80,2.5,1.0000
null,6,individual_dissolved_oxygen,12.38,10.8,1.0014
null,6,composed_evalue,12.10,14.2,0.9962
null,6,standardized_sum,11.95,8.6,
null,7,individual_temperature,11.00,2.3,1.0032
null,7,individual_fish_count,14.44,4.6,0.9996
null,7,individual_inter_event,13.56,2.7,0.9993
null,7,individual_turbidity,11.71,16.8,1.0011
null,7,individual_dissolved_oxygen,11.98,2.9,1.0039
null,7,composed_evalue,10.66,2.3,1.0053
null,7,standardized_sum,14.87,12.9,
null,8,individual_temperature,16.23,8.6,0.9979
null,8,individual_fish_count,12.22,5.1,0.9937
null,8,individual_inter_event,12.40,17.5,1.0018
null,8,individual_turbidity,11.37,3.0,1.0004
null,8,individual_dissolved_oxygen,15.03,10.4,0.9994
null,8,composed_evalue,11.77,6.2,0.9913
null,8,standardized_sum,13.80,7.9,
null,9,individual_temperature,10.48,3.6,1.0028
null,9,individual_fish_count,11.47,4.5,1.0007
null,9,individual_inter_event,11.70,4.8,0.9995
null,9,individual_turbidity,15.01,4.0,1.0010
null,9,individual_dissolved_oxygen,12.21,2.0,1.0007
null,9,composed_evalue,13.28,3.0,1.0035
null,9,standardized_sum,11.80,2.0,
null,10,individual_temperature,14.22,5.8,1.0070
null,10,individual_fish_count,11.45,23.0,0.9989
null,10,individual_inter_event,15.13,7.6,0.9999
null,10,individual_turbidity,11.38,4.2,0.9989
null,10,individual_dissolved_oxygen,13.04,178.6,1.0008
null,10,composed_evalue,11.29,3.4,1.0049
null,10,standardized_sum,12.87,2.3,
null,11,individual_temperature,14.97,3.9,0.9982
null,11,individual_fish_count,12.73,2.3,0.9983
null,11,individual_inter_event,12.37,2.9,1.0004
null,11,individual_turbidity,14.26,15.6,0.9991
null,11,individual_dissolved_oxygen,11.72,6.6,1.0072
null,11,composed_evalue,15.17,7.2,1.0047
null,11,standardized_sum,23.03,12.7,
null,12,individual_temperature,12.99,3.2,0.9957
null,12,individual_fish_count,11.66,40.7,1.0038
null,12,individual_inter_event,12.59,2.0,1.0010
null,12,individual_turbidity,9.61,24.3,1.0017
null,12,individual_dissolved_oxygen,12.78,42.2,0.9968
null,12,composed_evalue,12.61,2.3,1.0000
null,12,standardized_sum,12.24,4.9,
null,13,individual_temperature,13.83,2.0,0.9976
null,13,individual_fish_count,11.76,2.4,0.9981
null,13,individual_inter_event,11.00,2.3,1.0008
null,13,individual_turbidity,11.50,181.8,0.9973
null,13,individual_dissolved_oxygen,12.77,7.1,1.0002
null,13,composed_evalue,12.70,7.1,0.9924
null,13,standardized_sum,12.19,3.6,
null,14,individual_temperature,11.54,3.6,0.9968
null,14,individual_fish_count,17.44,3.6,1.0018
null,14,individual_inter_event,10.54,14.6,1.0013
null,14,individual_turbidity,14.14,15.5,0.9998
null,14,individual_dissolved_oxygen,11.32,3.4,0.9957
null,14,composed_evalue,13.19,4.2,0.9940
null,14,standardized_sum,13.29,4.1,
null,15,individual_temperature,14.14,7.2,1.0034
null,15,individual_fish_count,14.47,9.7,1.0067
null,15,individual_inter_event,11.04,4.7,0.9996
null,15,individual_turbidity,13.07,6.1,1.0012
null,15,individual_dissolved_oxygen,11.81,70.4,1.0042
null,15,composed_evalue,11.89,4.3,1.0152
null,15,standardized_sum,12.37,5.0,
null,16,individual_temperature,14.51,3.2,0.9942
null,16,individual_fish_count,11.57,18.7,1.0017
null,16,individual_inter_event,16.54,10.7,1.0006
null,16,individual_turbidity,14.87,5.0,1.0011
null,16,individual_dissolved_oxygen,11.77,2.6,0.9965
null,16,composed_evalue,13.89,2.8,0.9950
null,16,standardized_sum,12.08,8.3,
null,17,individual_temperature,13.83,3.1,0.9976
null,17,individual_fish_count,10.88,14.7,1.0037
null,17,individual_inter_event,16.17,3.5,1.0011
null,17,individual_turbidity,10.94,2.9,1.0007
null,17,individual_dissolved_oxygen,10.29,10.2,0.9994
null,17,composed_evalue,12.65,4.0,1.0032
null,17,standardized_sum,10.77,2.6,
null,18,individual_temperature,11.30,2.3,0.9994
null,18,individual_fish_count,9.95,25.1,0.9991
null,18,individual_inter_event,13.25,9.5,0.9998
null,18,individual_turbidity,12.97,2.0,1.0000
null,18,individual_dissolved_oxygen,11.81,3.5,0.9985
null,18,composed_evalue,11.51,7.6,0.9992
null,18,standardized_sum,11.21,2.1,
null,19,individual_temperature,13.86,3.9,1.0017
null,19,individual_fish_count,12.74,312.5,1.0006
null,19,individual_inter_event,14.85,2.4,1.0004
null,19,individual_turbidity,13.21,2.5,1.0005
null,19,individual_dissolved_oxygen,13.05,4.3,1.0011
null,19,composed_evalue,12.10,3.4,1.0037
null,19,standardized_sum,13.14,3.4,
null,20,individual_temperature,10.58,17.3,1.0022
null,20,individual_fish_count,11.71,2.4,1.0005
null,20,individual_inter_event,12.29,2.1,0.9976
null,20,individual_turbidity,14.99,2.4,0.9999
null,20,individual_dissolved_oxygen,17.89,2.6,0.9961
null,20,composed_evalue,16.35,3.6,0.9965
null,20,standardized_sum,19.07,2.4,
null,21,individual_temperature,16.67,2.2,0.9932
null,21,individual_fish_count,13.79,2.6,1.0002
null,21,individual_inter_event,12.57,3.5,1.0000
null,21,individual_turbidity,13.86,3.7,0.9997
null,21,individual_dissolved_oxygen,12.99,2.2,1.0020
null,21,composed_evalue,13.98,2.4,0.9968
null,21,standardized_sum,11.22,3.6,
null,22,individual_temperature,15.44,29.5,1.0014
null,22,individual_fish_count,13.30,833.3,0.9966
null,22,individual_inter_event,14.88,2.2,0.9995
null,22,individual_turbidity,13.14,2.1,0.9993
null,22,individual_dissolved_oxygen,10.83,2.1,0.9988
null,22,composed_evalue,11.02,2.9,0.9963
null,22,standardized_sum,12.65,13.9,
null,23,individual_temperature,10.94,3.5,1.0031
null,23,individual_fish_count,12.03,2.3,0.9987
null,23,individual_inter_event,15.78,3.0,1.0008
null,23,individual_turbidity,13.44,3.4,1.0017
null,23,individual_dissolved_oxygen,11.94,2.0,1.0011
null,23,composed_evalue,12.78,4.7,1.0059
null,23,standardized_sum,11.77,4.8,
null,24,individual_temperature,10.62,2.8,1.0041
null,24,individual_fish_count,15.20,5.2,0.9990
null,24,individual_inter_event,13.08,4.0,1.0012
null,24,individual_turbidity,13.79,3.0,0.9994
null,24,individual_dissolved_oxygen,18.06,4.1,1.0002
null,24,composed_evalue,12.73,7.5,1.0023
null,24,standardized_sum,11.94,7.5,
null,25,individual_temperature,15.65,2.9,1.0005
null,25,individual_fish_count,12.51,11.7,1.0006
null,25,individual_inter_event,13.76,6.1,1.0007
null,25,individual_turbidity,13.24,4.6,0.9990
null,25,individual_dissolved_oxygen,12.34,9.9,0.9990
null,25,composed_evalue,16.18,4.1,1.0020
null,25,standardized_sum,12.70,3.7,
null,26,individual_temperature,15.90,4.0,1.0033
null,26,individual_fish_count,13.50,2.2,1.0010
null,26,individual_inter_event,13.99,16.9,0.9990
null,26,individual_turbidity,12.62,2.4,0.9995
null,26,individual_dissolved_oxygen,11.35,64.5,0.9992
null,26,composed_evalue,13.85,12.1,1.0003
null,26,standardized_sum,12.35,3.8,
null,27,individual_temperature,12.43,2.8,0.9993
null,27,individual_fish_count,12.33,4.0,0.9963
null,27,individual_inter_event,14.02,3.0,0.9992
null,27,individual_turbidity,13.63,2.1,1.0004
null,27,individual_dissolved_oxygen,11.75,3.4,1.0015
null,27,composed_evalue,12.69,2.8,0.9963
null,27,standardized_sum,12.92,2.2,
null,28,individual_temperature,11.71,3.4,0.9936
null,28,individual_fish_count,14.36,2.7,0.9985
null,28,individual_inter_event,12.47,5.0,1.0010
null,28,individual_turbidity,13.56,2.9,0.9981
null,28,individual_dissolved_oxygen,13.11,35.8,1.0011
null,28,composed_evalue,13.47,4.4,0.9923
null,28,standardized_sum,11.59,4.4,
null,29,individual_temperature,14.96,3.6,0.9991
null,29,individual_fish_count,11.44,2.4,1.0020
null,29,individual_inter_event,15.09,23.2,0.9998
null,29,individual_turbidity,13.66,15.7,1.0003
null,29,individual_dissolved_oxygen,12.08,38.5,1.0006
null,29,composed_evalue,12.54,10.7,0.9998
null,29,standardized_sum,10.70,2.6,
null,30,individual_temperature,12.93,2.2,1.0074
null,30,individual_fish_count,12.09,26.2,0.9990
null,30,individual_inter_event,14.91,2.6,1.0002
null,30,individual_turbidity,12.05,6.8,0.9997
null,30,individual_dissolved_oxygen,18.35,3.3,0.9984
null,30,composed_evalue,12.75,3.1,1.0058
null,30,standardized_sum,12.30,5.7,
null,31,individual_temperature,14.68,3.6,1.0017
null,31,individual_fish_count,12.35,2.2,1.0065
null,31,individual_inter_event,11.17,2.2,0.9988
null,31,individual_turbidity,12.48,4.9,0.9984
null,31,individual_dissolved_oxygen,10.97,45.7,1.0000
null,31,composed_evalue,9.94,2.1,1.0057
null,31,standardized_sum,13.65,35.0,
null,32,individual_temperature,11.54,5.5,0.9934
null,32,individual_fish_count,12.72,8.0,0.9969
null,32,individual_inter_event,13.25,3.5,0.9982
null,32,individual_turbidity,13.27,9.8,0.9996
null,32,individual_dissolved_oxygen,13.92,2.3,0.9980
null,32,composed_evalue,13.29,3.3,0.9875
null,32,standardized_sum,13.98,10.5,
null,33,individual_temperature,14.16,2.2,1.0017
null,33,individual_fish_count,12.78,29.9,0.9969
null,33,individual_inter_event,12.27,12.8,0.9998
null,33,individual_turbidity,11.89,3.3,1.0006
null,33,individual_dissolved_oxygen,14.84,3.2,1.0010
null,33,composed_evalue,13.21,2.1,1.0026
null,33,standardized_sum,11.98,22.5,
null,34,individual_temperature,13.68,5.8,1.0039
null,34,individual_fish_count,15.86,2.8,0.9987
null,34,individual_inter_event,11.87,40.3,0.9998
null,34,individual_turbidity,17.11,3.1,1.0000
null,34,individual_dissolved_oxygen,12.22,8.6,0.9996
null,34,composed_evalue,18.18,80.6,0.9996
null,34,standardized_sum,17.03,80.6,
null,35,individual_temperature,13.04,7.2,1.0013
null,35,individual_fish_count,10.31,91.7,1.0021
null,35,individual_inter_event,11.10,7.7,0.9995
null,35,individual_turbidity,14.62,3.8,0.9979
null,35,individual_dissolved_oxygen,15.22,7.6,0.9992
null,35,composed_evalue,18.55,6.0,0.9973
null,35,standardized_sum,11.46,2.2,
null,36,individual_temperature,13.42,22.3,0.9990
null,36,individual_fish_count,12.04,4.4,0.9973
null,36,individual_inter_event,14.73,5.1,0.9999
null,36,individual_turbidity,14.22,2.6,0.9987
null,36,individual_dissolved_oxygen,12.69,4.0,1.0019
null,36,composed_evalue,12.97,4.4,0.9978
null,36,standardized_sum,13.01,3.2,
null,37,individual_temperature,14.12,2.5,0.9989
null,37,individual_fish_count,11.17,4.4,0.9977
null,37,individual_inter_event,13.73,3.1,1.0007
null,37,individual_turbidity,14.23,2.9,0.9984
null,37,individual_dissolved_oxygen,11.07,59.5,1.0000
null,37,composed_evalue,12.48,22.2,0.9964
null,37,standardized_sum,13.13,2.3,
null,38,individual_temperature,11.83,232.6,1.0006
null,38,individual_fish_count,13.21,5.6,0.9974
null,38,individual_inter_event,13.26,2.7,1.0000
null,38,individual_turbidity,14.23,2.4,1.0020
null,38,individual_dissolved_oxygen,11.93,15.9,0.9988
null,38,composed_evalue,12.16,2.0,0.9981
null,38,standardized_sum,12.59,7.3,
null,39,individual_temperature,11.89,3.9,0.9981
null,39,individual_fish_count,10.90,3.0,0.9997
null,39,individual_inter_event,12.15,3.4,1.0005
null,39,individual_turbidity,16.21,6.9,0.9997
null,39,individual_dissolved_oxygen,15.83,3.4,0.9991
null,39,composed_evalue,18.62,26.0,0.9954
null,39,standardized_sum,11.47,4.4,
null,40,individual_temperature,13.17,3.3,0.9983
null,40,individual_fish_count,11.99,2.1,0.9993
null,40,individual_inter_event,12.48,5.3,0.9994
null,40,individual_turbidity,12.57,13.3,1.0007
null,40,individual_dissolved_oxygen,13.64,13.0,0.9989
null,40,composed_evalue,12.08,285.7,0.9954
null,40,standardized_sum,14.02,2.6,
null,41,individual_temperature,15.74,10.4,0.9982
null,41,individual_fish_count,12.41,7.1,0.9994
null,41,individual_inter_event,11.77,53.5,1.0001
null,41,individual_turbidity,14.75,5.6,1.0004
null,41,individual_dissolved_oxygen,14.24,3.0,1.0031
null,41,composed_evalue,16.14,2.7,1.0017
null,41,standardized_sum,12.95,2.4,
null,42,individual_temperature,11.03,2.7,0.9965
null,42,individual_fish_count,12.62,3.4,1.0017
null,42,individual_inter_event,11.82,14.1,1.0012
null,42,individual_turbidity,13.67,3.3,1.0001
null,42,individual_dissolved_oxygen,13.27,2.3,1.0023
null,42,composed_evalue,13.38,3.7,1.0040
null,42,standardized_sum,14.88,3.1,
null,43,individual_temperature,12.12,8.0,0.9940
null,43,individual_fish_count,14.10,2.6,0.9973
null,43,individual_inter_event,13.16,34.0,1.0001
null,43,individual_turbidity,14.43,14.8,1.0003
null,43,individual_dissolved_oxygen,11.29,2.1,1.0028
null,43,composed_evalue,17.56,3.6,0.9939
null,43,standardized_sum,15.22,6.2,
null,44,individual_temperature,11.68,2.7,0.9983
null,44,individual_fish_count,12.96,32.2,1.0024
null,44,individual_inter_event,19.86,5.6,0.9992
null,44,individual_turbidity,13.37,2.1,1.0019
null,44,individual_dissolved_oxygen,12.26,149.3,1.0012
null,44,composed_evalue,12.45,6.0,1.0023
null,44,standardized_sum,14.75,6.0,
null,45,individual_temperature,11.54,2.6,0.9979
null,45,individual_fish_count,21.60,3.4,1.0002
null,45,individual_inter_event,11.25,2.4,0.9991
null,45,individual_turbidity,14.48,3.7,1.0006
null,45,individual_dissolved_oxygen,10.54,2.3,0.9949
null,45,composed_evalue,12.79,2.5,0.9914
null,45,standardized_sum,14.16,4.6,
null,46,individual_temperature,12.53,3.1,1.0019
null,46,individual_fish_count,13.04,10.7,0.9995
null,46,individual_inter_event,11.86,19.3,1.0015
null,46,individual_turbidity,15.05,6.8,1.0018
null,46,individual_dissolved_oxygen,13.92,3.1,0.9979
null,46,composed_evalue,16.77,3.3,1.0030
null,46,standardized_sum,15.91,2.1,
null,47,individual_temperature,12.72,12.6,0.9983
null,47,individual_fish_count,18.19,5.0,1.0009
null,47,individual_inter_event,13.45,3.0,1.0010
null,47,individual_turbidity,13.04,2.2,0.9983
null,47,individual_dissolved_oxygen,12.98,4.2,1.0002
null,47,composed_evalue,12.73,4.0,0.9992
null,47,standardized_sum,12.06,2.2,
null,48,individual_temperature,12.58,2.6,0.9971
null,48,individual_fish_count,12.06,46.1,1.0019
null,48,individual_inter_event,11.82,2.8,0.9992
null,48,individual_turbidity,12.76,34.0,1.0001
null,48,individual_dissolved_oxygen,12.24,3.0,0.9997
null,48,composed_evalue,14.53,4.3,0.9969
null,48,standardized_sum,12.14,8.4,
null,49,individual_temperature,12.68,7.6,0.9997
null,49,individual_fish_count,12.35,6.8,0.9993
null,49,individual_inter_event,15.78,31.0,1.0003
null,49,individual_turbidity,13.88,4.2,0.9993
null,49,individual_dissolved_oxygen,13.92,2.0,1.0019
null,49,composed_evalue,11.89,2.0,1.0034
null,49,standardized_sum,13.36,45.9,
null,50,individual_temperature,16.22,3.2,1.0021
null,50,individual_fish_count,13.78,4.6,0.9997
null,50,individual_inter_event,12.19,7.2,0.9986
null,50,individual_turbidity,12.25,4.7,0.9993
null,50,individual_dissolved_oxygen,13.14,3.1,1.0002
null,50,composed_evalue,15.37,2.0,1.0017
null,50,standardized_sum,13.98,17.4,
null,51,individual_temperature,11.36,3.3,1.0046
null,51,individual_fish_count,13.09,2.1,0.9996
null,51,individual_inter_event,14.28,3.9,1.0001
null,51,individual_turbidity,13.88,8.6,0.9984
null,51,individual_dissolved_oxygen,11.66,4.9,0.9976
null,51,composed_evalue,15.07,2.0,0.9966
null,51,standardized_sum,12.28,4.9,
null,52,individual_temperature,12.48,8.3,1.0009
null,52,individual_fish_count,12.27,4.7,1.0015
null,52,individual_inter_event,11.82,2.1,1.0005
null,52,individual_turbidity,16.16,15.8,0.9985
null,52,individual_dissolved_oxygen,10.95,11.1,0.9997
null,52,composed_evalue,12.11,2.9,1.0028
null,52,standardized_sum,11.29,78.1,
null,53,individual_temperature,12.43,2.8,1.0055
null,53,individual_fish_count,10.32,2.3,1.0069
null,53,individual_inter_event,15.17,5.6,1.0006
null,53,individual_turbidity,16.53,2.2,0.9995
null,53,individual_dissolved_oxygen,11.99,4.2,1.0010
null,53,composed_evalue,12.25,6.3,1.0154
null,53,standardized_sum,12.27,8.1,
null,54,individual_temperature,15.04,2.0,1.0065
null,54,individual_fish_count,14.25,5.0,0.9979
null,54,individual_inter_event,10.72,18.7,0.9999
null,54,individual_turbidity,14.52,6.0,1.0000
null,54,individual_dissolved_oxygen,12.64,3.8,1.0012
null,54,composed_evalue,13.58,2.0,1.0050
null,54,standardized_sum,11.35,3.7,
null,55,individual_temperature,13.34,3.6,1.0022
null,55,individual_fish_count,16.64,10.6,0.9971
null,55,individual_inter_event,12.03,2.5,1.0003
null,55,individual_turbidity,11.52,5.1,1.0001
null,55,individual_dissolved_oxygen,12.34,217.4,1.0024
null,55,composed_evalue,11.65,2.1,1.0019
null,55,standardized_sum,11.45,11.8,
null,56,individual_temperature,11.01,2.2,0.9984
null,56,individual_fish_count,14.08,2.0,0.9968
null,56,individual_inter_event,11.41,3.7,1.0008
null,56,individual_turbidity,13.89,14.9,1.0012
null,56,individual_dissolved_oxygen,17.82,4.5,1.0004
null,56,composed_evalue,13.74,2.2,0.9989
null,56,standardized_sum,12.54,30.4,
null,57,individual_temperature,16.53,2.3,0.9929
null,57,individual_fish_count,18.57,2.7,1.0058
null,57,individual_inter_event,10.59,2.5,0.9994
null,57,individual_turbidity,14.78,19.0,1.0002
null,57,individual_dissolved_oxygen,11.46,2.0,1.0027
null,57,composed_evalue,10.87,58.8,1.0002
null,57,standardized_sum,13.27,7.8,
null,58,individual_temperature,11.07,14.5,0.9961
null,58,individual_fish_count,14.42,2.9,0.9954
null,58,individual_inter_event,12.88,2.1,0.9994
null,58,individual_turbidity,14.77,2.8,1.0002
null,58,individual_dissolved_oxygen,12.44,4.0,0.9993
null,58,composed_evalue,12.94,3.7,0.9913
null,58,standardized_sum,10.61,3.4,
null,59,individual_temperature,12.31,51.8,0.9999
null,59,individual_fish_count,13.83,4.0,0.9944
null,59,individual_inter_event,13.32,3.3,1.0003
null,59,individual_turbidity,11.79,4.1,0.9980
null,59,individual_dissolved_oxygen,14.97,6.2,0.9990
null,59,composed_evalue,10.98,5.1,0.9914
null,59,standardized_sum,16.71,6.7,
null,60,individual_temperature,12.17,2.7,1.0033
null,60,individual_fish_count,14.91,8.5,1.0011
null,60,individual_inter_event,15.07,25.1,1.0014
null,60,individual_turbidity,11.47,2.5,1.0014
null,60,individual_dissolved_oxygen,15.40,54.9,1.0002
null,60,composed_evalue,13.41,2.3,1.0095
null,60,standardized_sum,15.37,2.3,
null,61,individual_temperature,13.38,7.6,1.0002
null,61,individual_fish_count,11.16,3.3,1.0036
null,61,individual_inter_event,21.53,7.4,0.9996
null,61,individual_turbidity,12.44,3.9,1.0015
null,61,individual_dissolved_oxygen,14.15,4.9,0.9987
null,61,composed_evalue,13.41,2.0,1.0018
null,61,standardized_sum,13.87,29.9,
null,62,individual_temperature,16.82,2.3,0.9990
null,62,individual_fish_count,15.11,2.6,0.9989
null,62,individual_inter_event,12.60,2.2,1.0008
null,62,individual_turbidity,12.49,2.8,0.9998
null,62,individual_dissolved_oxygen,11.45,2.3,1.0019
null,62,composed_evalue,15.36,15.5,0.9983
null,62,standardized_sum,12.92,2.6,
null,63,individual_temperature,15.00,2.1,0.9988
null,63,individual_fish_count,13.39,2.9,1.0031
null,63,individual_inter_event,10.66,10.2,1.0001
null,63,individual_turbidity,11.45,208.3,0.9990
null,63,individual_dissolved_oxygen,11.39,8.3,0.9990
null,63,composed_evalue,15.72,2.1,0.9980
null,63,standardized_sum,16.36,5.4,
null,64,individual_temperature,12.39,6.1,0.9977
null,64,individual_fish_count,17.73,5.5,0.9964
null,64,individual_inter_event,12.84,22.9,1.0003
null,64,individual_turbidity,10.20,76.3,1.0008
null,64,individual_dissolved_oxygen,13.14,4.7,1.0009
null,64,composed_evalue,14.11,3.2,0.9949
null,64,standardized_sum,12.63,4.4,
null,65,individual_temperature,11.16,3.4,1.0010
null,65,individual_fish_count,15.56,2.9,0.9987
null,65,individual_inter_event,10.58,5.7,1.0006
null,65,individual_turbidity,14.19,17.2,0.9988
null,65,individual_dissolved_oxygen,13.31,3.4,0.9982
null,65,composed_evalue,10.83,2.1,0.9977
null,65,standardized_sum,12.99,2.6,
null,66,individual_temperature,9.78,263.2,0.9963
null,66,individual_fish_count,13.35,2.3,1.0008
null,66,individual_inter_event,10.72,2.5,0.9987
null,66,individual_turbidity,12.60,3.3,0.9984
null,66,individual_dissolved_oxygen,13.85,5.1,1.0003
null,66,composed_evalue,14.22,5.4,0.9932
null,66,standardized_sum,13.04,2.3,
null,67,individual_temperature,12.10,16.8,1.0055
null,67,individual_fish_count,12.17,2.6,1.0002
null,67,individual_inter_event,11.21,3.7,0.9997
null,67,individual_turbidity,13.83,2.5,0.9998
null,67,individual_dissolved_oxygen,11.59,227.3,1.0009
null,67,composed_evalue,14.93,8.8,1.0068
null,67,standardized_sum,14.81,2.3,
null,68,individual_temperature,12.26,5.2,1.0083
null,68,individual_fish_count,13.77,2.4,0.9986
null,68,individual_inter_event,12.75,14.2,1.0008
null,68,individual_turbidity,12.70,3.0,0.9994
null,68,individual_dissolved_oxygen,10.01,2.4,1.0031
null,68,composed_evalue,14.55,2.1,1.0110
null,68,standardized_sum,15.80,6.1,
null,69,individual_temperature,14.30,18.7,0.9989
null,69,individual_fish_count,12.63,9.3,1.0005
null,69,individual_inter_event,13.25,7.9,0.9994
null,69,individual_turbidity,13.22,2.6,0.9997
null,69,individual_dissolved_oxygen,12.42,14.6,0.9975
null,69,composed_evalue,16.65,5.7,0.9943
null,69,standardized_sum,13.20,4.7,
null,70,individual_temperature,15.79,5.8,1.0080
null,70,individual_fish_count,11.33,7.6,0.9996
null,70,individual_inter_event,13.63,5.8,1.0002
null,70,individual_turbidity,10.59,9.6,0.9985
null,70,individual_dissolved_oxygen,11.97,3.2,1.0025
null,70,composed_evalue,14.68,3.2,1.0079
null,70,standardized_sum,12.74,5.8,
null,71,individual_temperature,12.85,2.3,1.0031
null,71,individual_fish_count,14.61,2.2,1.0021
null,71,individual_inter_event,12.23,2.0,1.0002
null,71,individual_turbidity,12.64,94.3,1.0023
null,71,individual_dissolved_oxygen,15.46,5.2,1.0016
null,71,composed_evalue,13.48,5.3,1.0097
null,71,standardized_sum,14.89,2.6,
null,72,individual_temperature,11.15,3.7,0.9999
null,72,individual_fish_count,12.45,5.3,0.9999
null,72,individual_inter_event,12.24,3.2,1.0010
null,72,individual_turbidity,11.09,8.7,0.9985
null,72,individual_dissolved_oxygen,11.44,3.0,1.0005
null,72,composed_evalue,12.47,2.1,1.0005
null,72,standardized_sum,13.55,4.3,
null,73,individual_temperature,16.02,2.8,0.9993
null,73,individual_fish_count,12.36,9.1,1.0020
null,73,individual_inter_event,11.83,20.1,0.9989
null,73,individual_turbidity,16.28,4.4,1.0014
null,73,individual_dissolved_oxygen,13.22,4.3,0.9967
null,73,composed_evalue,16.00,2.8,0.9971
null,73,standardized_sum,11.75,2.0,
null,74,individual_temperature,12.78,5.0,1.0036
null,74,individual_fish_count,14.73,2.0,0.9979
null,74,individual_inter_event,13.43,3.5,1.0004
null,74,individual_turbidity,12.48,2.9,0.9992
null,74,individual_dissolved_oxygen,13.60,2.8,1.0050
null,74,composed_evalue,15.03,3.9,1.0042
null,74,standardized_sum,15.73,27.6,
null,75,individual_temperature,11.25,2.9,0.9983
null,75,individual_fish_count,14.27,3.1,1.0000
null,75,individual_inter_event,13.72,2.0,0.9998
null,75,individual_turbidity,10.35,37.5,0.9999
null,75,individual_dissolved_oxygen,12.50,8.7,0.9983
null,75,composed_evalue,10.26,3.6,0.9976
null,75,standardized_sum,11.78,2.2,
null,76,individual_temperature,13.42,4.4,0.9964
null,76,individual_fish_count,13.33,4.0,1.0013
null,76,individual_inter_event,11.66,7.7,1.0011
null,76,individual_turbidity,14.80,2.3,0.9982
null,76,individual_dissolved_oxygen,10.50,7.3,1.0084
null,76,composed_evalue,11.74,4.4,1.0035
null,76,standardized_sum,13.17,4.4,
null,77,individual_temperature,10.01,7.3,0.9977
null,77,individual_fish_count,12.46,5.8,0.9945
null,77,individual_inter_event,14.79,10.8,1.0003
null,77,individual_turbidity,14.20,2.7,0.9994
null,77,individual_dissolved_oxygen,13.17,2.2,0.9995
null,77,composed_evalue,13.01,2.2,0.9929
null,77,standardized_sum,12.74,2.5,
null,78,individual_temperature,11.86,2.4,1.0031
null,78,individual_fish_count,11.81,2.8,0.9994
null,78,individual_inter_event,12.20,2.2,0.9997
null,78,individual_turbidity,11.88,7.8,0.9992
null,78,individual_dissolved_oxygen,11.06,5.4,1.0001
null,78,composed_evalue,14.38,123.5,1.0009
null,78,standardized_sum,10.87,6.8,
null,79,individual_temperature,11.78,2.1,1.0025
null,79,individual_fish_count,14.24,2.7,1.0036
null,79,individual_inter_event,12.34,2.1,1.0008
null,79,individual_turbidity,11.13,2.7,0.9991
null,79,individual_dissolved_oxygen,14.24,9.4,0.9997
null,79,composed_evalue,11.46,2.7,1.0040
null,79,standardized_sum,14.25,6.2,
null,80,individual_temperature,11.40,2.5,0.9950
null,80,individual_fish_count,14.67,2.2,1.0066
null,80,individual_inter_event,13.97,10.4,0.9994
null,80,individual_turbidity,12.39,91.7,0.9995
null,80,individual_dissolved_oxygen,13.59,13.8,0.9984
null,80,composed_evalue,13.06,2.5,0.9967
null,80,standardized_sum,17.37,2.3,
null,81,individual_temperature,12.05,3.7,0.9983
null,81,individual_fish_count,11.48,2.1,1.0030
null,81,individual_inter_event,13.99,2.7,1.0000
null,81,individual_turbidity,15.01,47.8,1.0000
null,81,individual_dissolved_oxygen,13.88,2.8,1.0003
null,81,composed_evalue,10.81,2.4,0.9983
null,81,standardized_sum,10.08,2.8,
null,82,individual_temperature,12.42,2.1,1.0020
null,82,individual_fish_count,12.76,2.9,1.0035
null,82,individual_inter_event,11.30,2.6,1.0002
null,82,individual_turbidity,11.33,5.9,0.9988
null,82,individual_dissolved_oxygen,13.61,2.6,0.9992
null,82,composed_evalue,10.35,3.7,1.0069
null,82,standardized_sum,12.89,13.5,
null,83,individual_temperature,11.09,2.0,1.0017
null,83,individual_fish_count,12.35,6.7,1.0001
null,83,individual_inter_event,15.49,3.2,0.9992
null,83,individual_turbidity,11.23,2.0,0.9996
null,83,individual_dissolved_oxygen,14.03,4.1,1.0042
null,83,composed_evalue,13.73,2.5,1.0029
null,83,standardized_sum,13.77,24.3,
null,84,individual_temperature,11.04,4.6,0.9988
null,84,individual_fish_count,11.48,6.9,1.0002
null,84,individual_inter_event,15.19,4.6,0.9996
null,84,individual_turbidity,12.74,3.8,1.0001
null,84,individual_dissolved_oxygen,13.79,79.4,1.0016
null,84,composed_evalue,12.36,10.0,0.9990
null,84,standardized_sum,13.71,7.2,
null,85,individual_temperature,11.79,2.2,0.9993
null,85,individual_fish_count,12.50,4.4,1.0026
null,85,individual_inter_event,11.27,5.8,0.9996
null,85,individual_turbidity,11.53,5.3,1.0018
null,85,individual_dissolved_oxygen,12.33,6.5,1.0020
null,85,composed_evalue,10.81,2.6,1.0047
null,85,standardized_sum,14.25,4.2,
null,86,individual_temperature,11.84,5.2,0.9977
null,86,individual_fish_count,20.32,7.4,0.9997
null,86,individual_inter_event,12.11,2.2,1.0008
null,86,individual_turbidity,11.68,3.7,0.9995
null,86,individual_dissolved_oxygen,18.33,3.8,1.0008
null,86,composed_evalue,15.40,4.1,0.9976
null,86,standardized_sum,11.67,3.7,
null,87,individual_temperature,12.20,23.3,0.9995
null,87,individual_fish_count,14.18,5.1,0.9963
null,87,individual_inter_event,12.11,6.0,1.0010
null,87,individual_turbidity,13.60,5.9,0.9992
null,87,individual_dissolved_oxygen,14.47,4.2,0.9967
null,87,composed_evalue,12.78,4.2,0.9935
null,87,standardized_sum,16.13,11.7,
null,88,individual_temperature,11.86,15.5,1.0019
null,88,individual_fish_count,12.38,9.4,1.0044
null,88,individual_inter_event,16.86,2.7,1.0013
null,88,individual_turbidity,22.53,4.8,1.0017
null,88,individual_dissolved_oxygen,14.33,5.7,1.0001
null,88,composed_evalue,11.99,2.3,1.0093
null,88,standardized_sum,12.19,3.5,
null,89,individual_temperature,13.00,2.2,1.0008
null,89,individual_fish_count,13.40,2.1,1.0008
null,89,individual_inter_event,11.37,2.1,0.9985
null,89,individual_turbidity,15.25,21.9,0.9996
null,89,individual_dissolved_oxygen,14.86,31.9,1.0001
null,89,composed_evalue,12.16,4.1,1.0010
null,89,standardized_sum,10.72,2.5,
null,90,individual_temperature,10.62,25.4,1.0037
null,90,individual_fish_count,12.21,24.2,1.0004
null,90,individual_inter_event,11.68,80.6,0.9992
null,90,individual_turbidity,12.86,6.4,0.9999
null,90,individual_dissolved_oxygen,16.81,18.0,0.9957
null,90,composed_evalue,12.68,2.2,0.9985
null,90,standardized_sum,13.04,2.1,
null,91,individual_temperature,10.77,2.4,0.9945
null,91,individual_fish_count,12.12,3.8,0.9977
null,91,individual_inter_event,13.13,2.4,0.9992
null,91,individual_turbidity,13.06,2.0,1.0000
null,91,individual_dissolved_oxygen,16.48,5.1,0.9985
null,91,composed_evalue,11.36,6.4,0.9891
null,91,standardized_sum,15.76,3.8,
null,92,individual_temperature,12.57,2.8,1.0022
null,92,individual_fish_count,12.81,3.7,0.9981
null,92,individual_inter_event,13.32,3.5,1.0009
null,92,individual_turbidity,10.14,16.6,1.0000
null,92,individual_dissolved_oxygen,13.05,2.0,0.9998
null,92,composed_evalue,14.07,7.4,1.0011
null,92,standardized_sum,12.30,7.8,
null,93,individual_temperature,12.06,4.9,0.9976
null,93,individual_fish_count,11.24,11.8,0.9986
null,93,individual_inter_event,10.45,18.1,0.9987
null,93,individual_turbidity,14.21,3.3,1.0016
null,93,individual_dissolved_oxygen,15.40,2.8,0.9999
null,93,composed_evalue,14.78,3.7,0.9981
null,93,standardized_sum,12.33,2.4,
null,94,individual_temperature,11.57,72.5,0.9952
null,94,individual_fish_count,13.90,2.2,0.9986
null,94,individual_inter_event,10.95,3.0,1.0004
null,94,individual_turbidity,13.76,5.7,1.0000
null,94,individual_dissolved_oxygen,11.35,3.3,0.9984
null,94,composed_evalue,11.93,2.1,0.9927
null,94,standardized_sum,10.82,3.5,
null,95,individual_temperature,11.57,3.2,1.0032
null,95,individual_fish_count,15.55,5.2,1.0009
null,95,individual_inter_event,12.92,17.7,1.0004
null,95,individual_turbidity,14.90,5.5,0.9986
null,95,individual_dissolved_oxygen,12.54,2.2,1.0047
null,95,composed_evalue,11.35,2.5,1.0083
null,95,standardized_sum,12.82,2.0,
null,96,individual_temperature,13.88,4.7,1.0023
null,96,individual_fish_count,12.29,2.6,0.9976
null,96,individual_inter_event,11.69,2.2,1.0002
null,96,individual_turbidity,12.29,2.1,0.9998
null,96,individual_dissolved_oxygen,15.58,5.1,0.9983
null,96,composed_evalue,10.52,7.9,1.0001
null,96,standardized_sum,10.73,5.4,
null,97,individual_temperature,11.02,4.2,0.9979
null,97,individual_fish_count,11.19,7.9,1.0025
null,97,individual_inter_event,12.43,2.5,0.9997
null,97,individual_turbidity,11.34,3.6,0.9990
null,97,individual_dissolved_oxygen,12.92,3.7,1.0000
null,97,composed_evalue,17.56,5.4,1.0007
null,97,standardized_sum,11.34,2.5,
null,98,individual_temperature,14.76,6.7,0.9995
null,98,individual_fish_count,16.51,17.7,1.0032
null,98,individual_inter_event,12.86,2.2,0.9995
null,98,individual_turbidity,12.99,4.0,1.0001
null,98,individual_dissolved_oxygen,11.90,2.6,1.0017
null,98,composed_evalue,14.79,3.3,1.0018
null,98,standardized_sum,11.11,4.5,
null,99,individual_temperature,11.28,3.6,1.0023
null,99,individual_fish_count,13.38,10.2,0.9972
null,99,individual_inter_event,10.71,3.6,1.0003
null,99,individual_turbidity,13.41,5.8,1.0001
null,99,individual_dissolved_oxygen,11.77,4.5,0.9988
null,99,composed_evalue,12.84,5.1,0.9999
null,99,standardized_sum,15.79,46.1,
